userName,userCode,dob,gender
an,111,26/03/2001,1
an,112,26/03/2002,1
an,113,26/03/2003,1
an,114,26/03/2004,1
an,115,26/03/2005,1
an,116,26/03/2006,1
an,117,26/03/2007,1
an,118,26/03/2008,1
an,119,26/03/2009,1
an,120,26/03/2010,1
an,121,26/03/2011,1
an,122,26/03/2012,1
an,123,26/03/2013,1
an,124,26/03/2014,1
an,125,26/03/2015,1
an,126,26/03/2016,1
an,127,26/03/2017,1
an,128,26/03/2018,1
an,129,26/03/2019,1
an,130,26/03/2020,1
an,131,26/03/2021,1
an,132,26/03/2022,1
an,133,26/03/2023,1
an,134,26/03/2024,1
an,135,26/03/2025,1
an,136,26/03/2026,1
an,137,26/03/2027,1
an,138,26/03/2028,1
an,139,26/03/2029,1
an,140,26/03/2030,1
an,141,26/03/2031,1
an,142,26/03/2032,1
an,143,26/03/2033,1
an,144,26/03/2034,1
an,145,26/03/2035,1
an,146,26/03/2036,1
an,147,26/03/2037,1
an,148,26/03/2038,1
an,149,26/03/2039,1
an,150,26/03/2040,1
an,151,26/03/2041,1
an,152,26/03/2042,1
an,153,26/03/2043,1
an,154,26/03/2044,1
an,155,26/03/2045,1
an,156,26/03/2046,1
an,157,26/03/2047,1
an,158,26/03/2048,1
an,159,26/03/2049,1
an,160,26/03/2050,1
an,161,26/03/2051,1
an,162,26/03/2052,1
an,163,26/03/2053,1
an,164,26/03/2054,1
an,165,26/03/2055,1
an,166,26/03/2056,1
an,167,26/03/2057,1
an,168,26/03/2058,1
an,169,26/03/2059,1
an,170,26/03/2060,1
an,171,26/03/2061,1
an,172,26/03/2062,1
an,173,26/03/2063,1
an,174,26/03/2064,1
an,175,26/03/2065,1
an,176,26/03/2066,1
an,177,26/03/2067,1
an,178,26/03/2068,1
an,179,26/03/2069,1
an,180,26/03/2070,1
an,181,26/03/2071,1
an,182,26/03/2072,1
an,183,26/03/2073,1
an,184,26/03/2074,1
an,185,26/03/2075,1
an,186,26/03/2076,1
an,187,26/03/2077,1
an,188,26/03/2078,1
an,189,26/03/2079,1
an,190,26/03/2080,1
an,191,26/03/2081,1
an,192,26/03/2082,1
an,193,26/03/2083,1
an,194,26/03/2084,1
an,195,26/03/2085,1
an,196,26/03/2086,1
an,197,26/03/2087,1
an,198,26/03/2088,1
an,199,26/03/2089,1
an,200,26/03/2090,1
an,201,26/03/2091,1
an,202,26/03/2092,1
an,203,26/03/2093,1
an,204,26/03/2094,1
an,205,26/03/2095,1
an,206,26/03/2096,1
an,207,26/03/2097,1
an,208,26/03/2098,1
an,209,26/03/2099,1
an,210,26/03/2100,1
an,211,26/03/2101,1
an,212,26/03/2102,1
an,213,26/03/2103,1
an,214,26/03/2104,1
an,215,26/03/2105,1
an,216,26/03/2106,1
an,217,26/03/2107,1
an,218,26/03/2108,1
an,219,26/03/2109,1
an,220,26/03/2110,1
an,221,26/03/2111,1
an,222,26/03/2112,1
an,223,26/03/2113,1
an,224,26/03/2114,1
an,225,26/03/2115,1
an,226,26/03/2116,1
an,227,26/03/2117,1
an,228,26/03/2118,1
an,229,26/03/2119,1
an,230,26/03/2120,1
an,231,26/03/2121,1
an,232,26/03/2122,1
an,233,26/03/2123,1
an,234,26/03/2124,1
an,235,26/03/2125,1
an,236,26/03/2126,1
an,237,26/03/2127,1
an,238,26/03/2128,1
an,239,26/03/2129,1
an,240,26/03/2130,1
an,241,26/03/2131,1
an,242,26/03/2132,1
an,243,26/03/2133,1
an,244,26/03/2134,1
an,245,26/03/2135,1
an,246,26/03/2136,1
an,247,26/03/2137,1
an,248,26/03/2138,1
an,249,26/03/2139,1
an,250,26/03/2140,1
an,251,26/03/2141,1
an,252,26/03/2142,1
an,253,26/03/2143,1
an,254,26/03/2144,1
an,255,26/03/2145,1
an,256,26/03/2146,1
an,257,26/03/2147,1
an,258,26/03/2148,1
an,259,26/03/2149,1
an,260,26/03/2150,1
an,261,26/03/2151,1
an,262,26/03/2152,1
an,263,26/03/2153,1
an,264,26/03/2154,1
an,265,26/03/2155,1
an,266,26/03/2156,1
an,267,26/03/2157,1
an,268,26/03/2158,1
an,269,26/03/2159,1
an,270,26/03/2160,1
an,271,26/03/2161,1
an,272,26/03/2162,1
an,273,26/03/2163,1
an,274,26/03/2164,1
an,275,26/03/2165,1
an,276,26/03/2166,1
an,277,26/03/2167,1
an,278,26/03/2168,1
an,279,26/03/2169,1
an,280,26/03/2170,1
an,281,26/03/2171,1
an,282,26/03/2172,1
an,283,26/03/2173,1
an,284,26/03/2174,1
an,285,26/03/2175,1
an,286,26/03/2176,1
an,287,26/03/2177,1
an,288,26/03/2178,1
an,289,26/03/2179,1
an,290,26/03/2180,1
an,291,26/03/2181,1
an,292,26/03/2182,1
an,293,26/03/2183,1
an,294,26/03/2184,1
an,295,26/03/2185,1
an,296,26/03/2186,1
an,297,26/03/2187,1
an,298,26/03/2188,1
an,299,26/03/2189,1
an,300,26/03/2190,1
an,301,26/03/2191,1
an,302,26/03/2192,1
an,303,26/03/2193,1
an,304,26/03/2194,1
an,305,26/03/2195,1
an,306,26/03/2196,1
an,307,26/03/2197,1
an,308,26/03/2198,1
an,309,26/03/2199,1
an,310,26/03/2200,1
an,311,26/03/2201,1
an,312,26/03/2202,1
an,313,26/03/2203,1
an,314,26/03/2204,1
an,315,26/03/2205,1
an,316,26/03/2206,1
an,317,26/03/2207,1
an,318,26/03/2208,1
an,319,26/03/2209,1
an,320,26/03/2210,1
an,321,26/03/2211,1
an,322,26/03/2212,1
an,323,26/03/2213,1
an,324,26/03/2214,1
an,325,26/03/2215,1
an,326,26/03/2216,1
an,327,26/03/2217,1
an,328,26/03/2218,1
an,329,26/03/2219,1
an,330,26/03/2220,1
an,331,26/03/2221,1
an,332,26/03/2222,1
an,333,26/03/2223,1
an,334,26/03/2224,1
an,335,26/03/2225,1
an,336,26/03/2226,1
an,337,26/03/2227,1
an,338,26/03/2228,1
an,339,26/03/2229,1
an,340,26/03/2230,1
an,341,26/03/2231,1
an,342,26/03/2232,1
an,343,26/03/2233,1
an,344,26/03/2234,1
an,345,26/03/2235,1
an,346,26/03/2236,1
an,347,26/03/2237,1
an,348,26/03/2238,1
an,349,26/03/2239,1
an,350,26/03/2240,1
an,351,26/03/2241,1
an,352,26/03/2242,1
an,353,26/03/2243,1
an,354,26/03/2244,1
an,355,26/03/2245,1
an,356,26/03/2246,1
an,357,26/03/2247,1
an,358,26/03/2248,1
an,359,26/03/2249,1
an,360,26/03/2250,1
an,361,26/03/2251,1
an,362,26/03/2252,1
an,363,26/03/2253,1
an,364,26/03/2254,1
an,365,26/03/2255,1
an,366,26/03/2256,1
an,367,26/03/2257,1
an,368,26/03/2258,1
an,369,26/03/2259,1
an,370,26/03/2260,1
an,371,26/03/2261,1
an,372,26/03/2262,1
an,373,26/03/2263,1
an,374,26/03/2264,1
an,375,26/03/2265,1
an,376,26/03/2266,1
an,377,26/03/2267,1
an,378,26/03/2268,1
an,379,26/03/2269,1
an,380,26/03/2270,1
an,381,26/03/2271,1
an,382,26/03/2272,1
an,383,26/03/2273,1
an,384,26/03/2274,1
an,385,26/03/2275,1
an,386,26/03/2276,1
an,387,26/03/2277,1
an,388,26/03/2278,1
an,389,26/03/2279,1
an,390,26/03/2280,1
an,391,26/03/2281,1
an,392,26/03/2282,1
an,393,26/03/2283,1
an,394,26/03/2284,1
an,395,26/03/2285,1
an,396,26/03/2286,1
an,397,26/03/2287,1
an,398,26/03/2288,1
an,399,26/03/2289,1
an,400,26/03/2290,1
an,401,26/03/2291,1
an,402,26/03/2292,1
an,403,26/03/2293,1
an,404,26/03/2294,1
an,405,26/03/2295,1
an,406,26/03/2296,1
an,407,26/03/2297,1
an,408,26/03/2298,1
an,409,26/03/2299,1
an,410,26/03/2300,1
an,411,26/03/2301,1
an,412,26/03/2302,1
an,413,26/03/2303,1
an,414,26/03/2304,1
an,415,26/03/2305,1
an,416,26/03/2306,1
an,417,26/03/2307,1
an,418,26/03/2308,1
an,419,26/03/2309,1
an,420,26/03/2310,1
an,421,26/03/2311,1
an,422,26/03/2312,1
an,423,26/03/2313,1
an,424,26/03/2314,1
an,425,26/03/2315,1
an,426,26/03/2316,1
an,427,26/03/2317,1
an,428,26/03/2318,1
an,429,26/03/2319,1
an,430,26/03/2320,1
an,431,26/03/2321,1
an,432,26/03/2322,1
an,433,26/03/2323,1
an,434,26/03/2324,1
an,435,26/03/2325,1
an,436,26/03/2326,1
an,437,26/03/2327,1
an,438,26/03/2328,1
an,439,26/03/2329,1
an,440,26/03/2330,1
an,441,26/03/2331,1
an,442,26/03/2332,1
an,443,26/03/2333,1
an,444,26/03/2334,1
an,445,26/03/2335,1
an,446,26/03/2336,1
an,447,26/03/2337,1
an,448,26/03/2338,1
an,449,26/03/2339,1
an,450,26/03/2340,1
an,451,26/03/2341,1
an,452,26/03/2342,1
an,453,26/03/2343,1
an,454,26/03/2344,1
an,455,26/03/2345,1
an,456,26/03/2346,1
an,457,26/03/2347,1
an,458,26/03/2348,1
an,459,26/03/2349,1
an,460,26/03/2350,1
an,461,26/03/2351,1
an,462,26/03/2352,1
an,463,26/03/2353,1
an,464,26/03/2354,1
an,465,26/03/2355,1
an,466,26/03/2356,1
an,467,26/03/2357,1
an,468,26/03/2358,1
an,469,26/03/2359,1
an,470,26/03/2360,1
an,471,26/03/2361,1
an,472,26/03/2362,1
an,473,26/03/2363,1
an,474,26/03/2364,1
an,475,26/03/2365,1
an,476,26/03/2366,1
an,477,26/03/2367,1
an,478,26/03/2368,1
an,479,26/03/2369,1
an,480,26/03/2370,1
an,481,26/03/2371,1
an,482,26/03/2372,1
an,483,26/03/2373,1
an,484,26/03/2374,1
an,485,26/03/2375,1
an,486,26/03/2376,1
an,487,26/03/2377,1
an,488,26/03/2378,1
an,489,26/03/2379,1
an,490,26/03/2380,1
an,491,26/03/2381,1
an,492,26/03/2382,1
an,493,26/03/2383,1
an,494,26/03/2384,1
an,495,26/03/2385,1
an,496,26/03/2386,1
an,497,26/03/2387,1
an,498,26/03/2388,1
an,499,26/03/2389,1
an,500,26/03/2390,1
an,501,26/03/2391,1
an,502,26/03/2392,1
an,503,26/03/2393,1
an,504,26/03/2394,1
an,505,26/03/2395,1
an,506,26/03/2396,1
an,507,26/03/2397,1
an,508,26/03/2398,1
an,509,26/03/2399,1
an,510,26/03/2400,1
an,511,26/03/2401,1
an,512,26/03/2402,1
an,513,26/03/2403,1
an,514,26/03/2404,1
an,515,26/03/2405,1
an,516,26/03/2406,1
an,517,26/03/2407,1
an,518,26/03/2408,1
an,519,26/03/2409,1
an,520,26/03/2410,1
an,521,26/03/2411,1
an,522,26/03/2412,1
an,523,26/03/2413,1
an,524,26/03/2414,1
an,525,26/03/2415,1
an,526,26/03/2416,1
an,527,26/03/2417,1
an,528,26/03/2418,1
an,529,26/03/2419,1
an,530,26/03/2420,1
an,531,26/03/2421,1
an,532,26/03/2422,1
an,533,26/03/2423,1
an,534,26/03/2424,1
an,535,26/03/2425,1
an,536,26/03/2426,1
an,537,26/03/2427,1
an,538,26/03/2428,1
an,539,26/03/2429,1
an,540,26/03/2430,1
an,541,26/03/2431,1
an,542,26/03/2432,1
an,543,26/03/2433,1
an,544,26/03/2434,1
an,545,26/03/2435,1
an,546,26/03/2436,1
an,547,26/03/2437,1
an,548,26/03/2438,1
an,549,26/03/2439,1
an,550,26/03/2440,1
an,551,26/03/2441,1
an,552,26/03/2442,1
an,553,26/03/2443,1
an,554,26/03/2444,1
an,555,26/03/2445,1
an,556,26/03/2446,1
an,557,26/03/2447,1
an,558,26/03/2448,1
an,559,26/03/2449,1
an,560,26/03/2450,1
an,561,26/03/2451,1
an,562,26/03/2452,1
an,563,26/03/2453,1
an,564,26/03/2454,1
an,565,26/03/2455,1
an,566,26/03/2456,1
an,567,26/03/2457,1
an,568,26/03/2458,1
an,569,26/03/2459,1
an,570,26/03/2460,1
an,571,26/03/2461,1
an,572,26/03/2462,1
an,573,26/03/2463,1
an,574,26/03/2464,1
an,575,26/03/2465,1
an,576,26/03/2466,1
an,577,26/03/2467,1
an,578,26/03/2468,1
an,579,26/03/2469,1
an,580,26/03/2470,1
an,581,26/03/2471,1
an,582,26/03/2472,1
an,583,26/03/2473,1
an,584,26/03/2474,1
an,585,26/03/2475,1
an,586,26/03/2476,1
an,587,26/03/2477,1
an,588,26/03/2478,1
an,589,26/03/2479,1
an,590,26/03/2480,1
an,591,26/03/2481,1
an,592,26/03/2482,1
an,593,26/03/2483,1
an,594,26/03/2484,1
an,595,26/03/2485,1
an,596,26/03/2486,1
an,597,26/03/2487,1
an,598,26/03/2488,1
an,599,26/03/2489,1
an,600,26/03/2490,1
an,601,26/03/2491,1
an,602,26/03/2492,1
an,603,26/03/2493,1
an,604,26/03/2494,1
an,605,26/03/2495,1
an,606,26/03/2496,1
an,607,26/03/2497,1
an,608,26/03/2498,1
an,609,26/03/2499,1
an,610,26/03/2500,1
an,611,26/03/2501,1
an,612,26/03/2502,1
an,613,26/03/2503,1
an,614,26/03/2504,1
an,615,26/03/2505,1
an,616,26/03/2506,1
an,617,26/03/2507,1
an,618,26/03/2508,1
an,619,26/03/2509,1
an,620,26/03/2510,1
an,621,26/03/2511,1
an,622,26/03/2512,1
an,623,26/03/2513,1
an,624,26/03/2514,1
an,625,26/03/2515,1
an,626,26/03/2516,1
an,627,26/03/2517,1
an,628,26/03/2518,1
an,629,26/03/2519,1
an,630,26/03/2520,1
an,631,26/03/2521,1
an,632,26/03/2522,1
an,633,26/03/2523,1
an,634,26/03/2524,1
an,635,26/03/2525,1
an,636,26/03/2526,1
an,637,26/03/2527,1
an,638,26/03/2528,1
an,639,26/03/2529,1
an,640,26/03/2530,1
an,641,26/03/2531,1
an,642,26/03/2532,1
an,643,26/03/2533,1
an,644,26/03/2534,1
an,645,26/03/2535,1
an,646,26/03/2536,1
an,647,26/03/2537,1
an,648,26/03/2538,1
an,649,26/03/2539,1
an,650,26/03/2540,1
an,651,26/03/2541,1
an,652,26/03/2542,1
an,653,26/03/2543,1
an,654,26/03/2544,1
an,655,26/03/2545,1
an,656,26/03/2546,1
an,657,26/03/2547,1
an,658,26/03/2548,1
an,659,26/03/2549,1
an,660,26/03/2550,1
an,661,26/03/2551,1
an,662,26/03/2552,1
an,663,26/03/2553,1
an,664,26/03/2554,1
an,665,26/03/2555,1
an,666,26/03/2556,1
an,667,26/03/2557,1
an,668,26/03/2558,1
an,669,26/03/2559,1
an,670,26/03/2560,1
an,671,26/03/2561,1
an,672,26/03/2562,1
an,673,26/03/2563,1
an,674,26/03/2564,1
an,675,26/03/2565,1
an,676,26/03/2566,1
an,677,26/03/2567,1
an,678,26/03/2568,1
an,679,26/03/2569,1
an,680,26/03/2570,1
an,681,26/03/2571,1
an,682,26/03/2572,1
an,683,26/03/2573,1
an,684,26/03/2574,1
an,685,26/03/2575,1
an,686,26/03/2576,1
an,687,26/03/2577,1
an,688,26/03/2578,1
an,689,26/03/2579,1
an,690,26/03/2580,1
an,691,26/03/2581,1
an,692,26/03/2582,1
an,693,26/03/2583,1
an,694,26/03/2584,1
an,695,26/03/2585,1
an,696,26/03/2586,1
an,697,26/03/2587,1
an,698,26/03/2588,1
an,699,26/03/2589,1
an,700,26/03/2590,1
an,701,26/03/2591,1
an,702,26/03/2592,1
an,703,26/03/2593,1
an,704,26/03/2594,1
an,705,26/03/2595,1
an,706,26/03/2596,1
an,707,26/03/2597,1
an,708,26/03/2598,1
an,709,26/03/2599,1
an,710,26/03/2600,1
an,711,26/03/2601,1
an,712,26/03/2602,1
an,713,26/03/2603,1
an,714,26/03/2604,1
an,715,26/03/2605,1
an,716,26/03/2606,1
an,717,26/03/2607,1
an,718,26/03/2608,1
an,719,26/03/2609,1
an,720,26/03/2610,1
an,721,26/03/2611,1
an,722,26/03/2612,1
an,723,26/03/2613,1
an,724,26/03/2614,1
an,725,26/03/2615,1
an,726,26/03/2616,1
an,727,26/03/2617,1
an,728,26/03/2618,1
an,729,26/03/2619,1
an,730,26/03/2620,1
an,731,26/03/2621,1
an,732,26/03/2622,1
an,733,26/03/2623,1
an,734,26/03/2624,1
an,735,26/03/2625,1
an,736,26/03/2626,1
an,737,26/03/2627,1
an,738,26/03/2628,1
an,739,26/03/2629,1
an,740,26/03/2630,1
an,741,26/03/2631,1
an,742,26/03/2632,1
an,743,26/03/2633,1
an,744,26/03/2634,1
an,745,26/03/2635,1
an,746,26/03/2636,1
an,747,26/03/2637,1
an,748,26/03/2638,1
an,749,26/03/2639,1
an,750,26/03/2640,1
an,751,26/03/2641,1
an,752,26/03/2642,1
an,753,26/03/2643,1
an,754,26/03/2644,1
an,755,26/03/2645,1
an,756,26/03/2646,1
an,757,26/03/2647,1
an,758,26/03/2648,1
an,759,26/03/2649,1
an,760,26/03/2650,1
an,761,26/03/2651,1
an,762,26/03/2652,1
an,763,26/03/2653,1
an,764,26/03/2654,1
an,765,26/03/2655,1
an,766,26/03/2656,1
an,767,26/03/2657,1
an,768,26/03/2658,1
an,769,26/03/2659,1
an,770,26/03/2660,1
an,771,26/03/2661,1
an,772,26/03/2662,1
an,773,26/03/2663,1
an,774,26/03/2664,1
an,775,26/03/2665,1
an,776,26/03/2666,1
an,777,26/03/2667,1
an,778,26/03/2668,1
an,779,26/03/2669,1
an,780,26/03/2670,1
an,781,26/03/2671,1
an,782,26/03/2672,1
an,783,26/03/2673,1
an,784,26/03/2674,1
an,785,26/03/2675,1
an,786,26/03/2676,1
an,787,26/03/2677,1
an,788,26/03/2678,1
an,789,26/03/2679,1
an,790,26/03/2680,1
an,791,26/03/2681,1
an,792,26/03/2682,1
an,793,26/03/2683,1
an,794,26/03/2684,1
an,795,26/03/2685,1
an,796,26/03/2686,1
an,797,26/03/2687,1
an,798,26/03/2688,1
an,799,26/03/2689,1
an,800,26/03/2690,1
an,801,26/03/2691,1
an,802,26/03/2692,1
an,803,26/03/2693,1
an,804,26/03/2694,1
an,805,26/03/2695,1
an,806,26/03/2696,1
an,807,26/03/2697,1
an,808,26/03/2698,1
an,809,26/03/2699,1
an,810,26/03/2700,1
an,811,26/03/2701,1
an,812,26/03/2702,1
an,813,26/03/2703,1
an,814,26/03/2704,1
an,815,26/03/2705,1
an,816,26/03/2706,1
an,817,26/03/2707,1
an,818,26/03/2708,1
an,819,26/03/2709,1
an,820,26/03/2710,1
an,821,26/03/2711,1
an,822,26/03/2712,1
an,823,26/03/2713,1
an,824,26/03/2714,1
an,825,26/03/2715,1
an,826,26/03/2716,1
an,827,26/03/2717,1
an,828,26/03/2718,1
an,829,26/03/2719,1
an,830,26/03/2720,1
an,831,26/03/2721,1
an,832,26/03/2722,1
an,833,26/03/2723,1
an,834,26/03/2724,1
an,835,26/03/2725,1
an,836,26/03/2726,1
an,837,26/03/2727,1
an,838,26/03/2728,1
an,839,26/03/2729,1
an,840,26/03/2730,1
an,841,26/03/2731,1
an,842,26/03/2732,1
an,843,26/03/2733,1
an,844,26/03/2734,1
an,845,26/03/2735,1
an,846,26/03/2736,1
an,847,26/03/2737,1
an,848,26/03/2738,1
an,849,26/03/2739,1
an,850,26/03/2740,1
an,851,26/03/2741,1
an,852,26/03/2742,1
an,853,26/03/2743,1
an,854,26/03/2744,1
an,855,26/03/2745,1
an,856,26/03/2746,1
an,857,26/03/2747,1
an,858,26/03/2748,1
an,859,26/03/2749,1
an,860,26/03/2750,1
an,861,26/03/2751,1
an,862,26/03/2752,1
an,863,26/03/2753,1
an,864,26/03/2754,1
an,865,26/03/2755,1
an,866,26/03/2756,1
an,867,26/03/2757,1
an,868,26/03/2758,1
an,869,26/03/2759,1
an,870,26/03/2760,1
an,871,26/03/2761,1
an,872,26/03/2762,1
an,873,26/03/2763,1
an,874,26/03/2764,1
an,875,26/03/2765,1
an,876,26/03/2766,1
an,877,26/03/2767,1
an,878,26/03/2768,1
an,879,26/03/2769,1
an,880,26/03/2770,1
an,881,26/03/2771,1
an,882,26/03/2772,1
an,883,26/03/2773,1
an,884,26/03/2774,1
an,885,26/03/2775,1
an,886,26/03/2776,1
an,887,26/03/2777,1
an,888,26/03/2778,1
an,889,26/03/2779,1
an,890,26/03/2780,1
an,891,26/03/2781,1
an,892,26/03/2782,1
an,893,26/03/2783,1
an,894,26/03/2784,1
an,895,26/03/2785,1
an,896,26/03/2786,1
an,897,26/03/2787,1
an,898,26/03/2788,1
an,899,26/03/2789,1
an,900,26/03/2790,1
an,901,26/03/2791,1
an,902,26/03/2792,1
an,903,26/03/2793,1
an,904,26/03/2794,1
an,905,26/03/2795,1
an,906,26/03/2796,1
an,907,26/03/2797,1
an,908,26/03/2798,1
an,909,26/03/2799,1
an,910,26/03/2800,1
an,911,26/03/2801,1
an,912,26/03/2802,1
an,913,26/03/2803,1
an,914,26/03/2804,1
an,915,26/03/2805,1
an,916,26/03/2806,1
an,917,26/03/2807,1
an,918,26/03/2808,1
an,919,26/03/2809,1
an,920,26/03/2810,1
an,921,26/03/2811,1
an,922,26/03/2812,1
an,923,26/03/2813,1
an,924,26/03/2814,1
an,925,26/03/2815,1
an,926,26/03/2816,1
an,927,26/03/2817,1
an,928,26/03/2818,1
an,929,26/03/2819,1
an,930,26/03/2820,1
an,931,26/03/2821,1
an,932,26/03/2822,1
an,933,26/03/2823,1
an,934,26/03/2824,1
an,935,26/03/2825,1
an,936,26/03/2826,1
an,937,26/03/2827,1
an,938,26/03/2828,1
an,939,26/03/2829,1
an,940,26/03/2830,1
an,941,26/03/2831,1
an,942,26/03/2832,1
an,943,26/03/2833,1
an,944,26/03/2834,1
an,945,26/03/2835,1
an,946,26/03/2836,1
an,947,26/03/2837,1
an,948,26/03/2838,1
an,949,26/03/2839,1
an,950,26/03/2840,1
an,951,26/03/2841,1
an,952,26/03/2842,1
an,953,26/03/2843,1
an,954,26/03/2844,1
an,955,26/03/2845,1
an,956,26/03/2846,1
an,957,26/03/2847,1
an,958,26/03/2848,1
an,959,26/03/2849,1
an,960,26/03/2850,1
an,961,26/03/2851,1
an,962,26/03/2852,1
an,963,26/03/2853,1
an,964,26/03/2854,1
an,965,26/03/2855,1
an,966,26/03/2856,1
an,967,26/03/2857,1
an,968,26/03/2858,1
an,969,26/03/2859,1
an,970,26/03/2860,1
an,971,26/03/2861,1
an,972,26/03/2862,1
an,973,26/03/2863,1
an,974,26/03/2864,1
an,975,26/03/2865,1
an,976,26/03/2866,1
an,977,26/03/2867,1
an,978,26/03/2868,1
an,979,26/03/2869,1
an,980,26/03/2870,1
an,981,26/03/2871,1
an,982,26/03/2872,1
an,983,26/03/2873,1
an,984,26/03/2874,1
an,985,26/03/2875,1
an,986,26/03/2876,1
an,987,26/03/2877,1
an,988,26/03/2878,1
an,989,26/03/2879,1
an,990,26/03/2880,1
an,991,26/03/2881,1
an,992,26/03/2882,1
an,993,26/03/2883,1
an,994,26/03/2884,1
an,995,26/03/2885,1
an,996,26/03/2886,1
an,997,26/03/2887,1
an,998,26/03/2888,1
an,999,26/03/2889,1
an,1000,26/03/2890,1
an,1001,26/03/2891,1
an,1002,26/03/2892,1
an,1003,26/03/2893,1
an,1004,26/03/2894,1
an,1005,26/03/2895,1
an,1006,26/03/2896,1
an,1007,26/03/2897,1
an,1008,26/03/2898,1
an,1009,26/03/2899,1
an,1010,26/03/2900,1
an,1011,26/03/2901,1
an,1012,26/03/2902,1
an,1013,26/03/2903,1
an,1014,26/03/2904,1
an,1015,26/03/2905,1
an,1016,26/03/2906,1
an,1017,26/03/2907,1
an,1018,26/03/2908,1
an,1019,26/03/2909,1
an,1020,26/03/2910,1
an,1021,26/03/2911,1
an,1022,26/03/2912,1
an,1023,26/03/2913,1
an,1024,26/03/2914,1
an,1025,26/03/2915,1
an,1026,26/03/2916,1
an,1027,26/03/2917,1
an,1028,26/03/2918,1
an,1029,26/03/2919,1
an,1030,26/03/2920,1
an,1031,26/03/2921,1
an,1032,26/03/2922,1
an,1033,26/03/2923,1
an,1034,26/03/2924,1
an,1035,26/03/2925,1
an,1036,26/03/2926,1
an,1037,26/03/2927,1
an,1038,26/03/2928,1
an,1039,26/03/2929,1
an,1040,26/03/2930,1
an,1041,26/03/2931,1
an,1042,26/03/2932,1
an,1043,26/03/2933,1
an,1044,26/03/2934,1
an,1045,26/03/2935,1
an,1046,26/03/2936,1
an,1047,26/03/2937,1
an,1048,26/03/2938,1
an,1049,26/03/2939,1
an,1050,26/03/2940,1
an,1051,26/03/2941,1
an,1052,26/03/2942,1
an,1053,26/03/2943,1
an,1054,26/03/2944,1
an,1055,26/03/2945,1
an,1056,26/03/2946,1
an,1057,26/03/2947,1
an,1058,26/03/2948,1
an,1059,26/03/2949,1
an,1060,26/03/2950,1
an,1061,26/03/2951,1
an,1062,26/03/2952,1
an,1063,26/03/2953,1
an,1064,26/03/2954,1
an,1065,26/03/2955,1
an,1066,26/03/2956,1
an,1067,26/03/2957,1
an,1068,26/03/2958,1
an,1069,26/03/2959,1
an,1070,26/03/2960,1
an,1071,26/03/2961,1
an,1072,26/03/2962,1
an,1073,26/03/2963,1
an,1074,26/03/2964,1
an,1075,26/03/2965,1
an,1076,26/03/2966,1
an,1077,26/03/2967,1
an,1078,26/03/2968,1
an,1079,26/03/2969,1
an,1080,26/03/2970,1
an,1081,26/03/2971,1
an,1082,26/03/2972,1
an,1083,26/03/2973,1
an,1084,26/03/2974,1
an,1085,26/03/2975,1
an,1086,26/03/2976,1
an,1087,26/03/2977,1
an,1088,26/03/2978,1
an,1089,26/03/2979,1
an,1090,26/03/2980,1
an,1091,26/03/2981,1
an,1092,26/03/2982,1
an,1093,26/03/2983,1
an,1094,26/03/2984,1
an,1095,26/03/2985,1
an,1096,26/03/2986,1
an,1097,26/03/2987,1
an,1098,26/03/2988,1
an,1099,26/03/2989,1
an,1100,26/03/2990,1
an,1101,26/03/2991,1
an,1102,26/03/2992,1
an,1103,26/03/2993,1
an,1104,26/03/2994,1
an,1105,26/03/2995,1
an,1106,26/03/2996,1
an,1107,26/03/2997,1
an,1108,26/03/2998,1
an,1109,26/03/2999,1